{
  "version": 1,
  "author": "Anonymous maker",
  "editor": "wokwi",
  "parts": [
    { "type": "board-esp32-devkit-c-v4", "id": "esp", "top": 0, "left": 0, "attrs": {} },
    {
      "type": "wokwi-pushbutton",
      "id": "btn1",
      "top": 15.8,
      "left": -134.4,
      "attrs": { "color": "green", "xray": "1" }
    },
    {
      "type": "wokwi-pushbutton",
      "id": "btn2",
      "top": 63.8,
      "left": -134.4,
      "attrs": { "color": "yellow", "xray": "1" }
    },
    {
      "type": "wokwi-pushbutton",
      "id": "btn3",
      "top": 111.8,
      "left": -134.4,
      "attrs": { "color": "blue", "xray": "1" }
    },
    {
      "type": "wokwi-pushbutton",
      "id": "btn4",
      "top": 159.8,
      "left": -134.4,
      "attrs": { "color": "red", "xray": "1" }
    },
    {
      "type": "wokwi-resistor",
      "id": "r1",
      "top": -72,
      "left": -96.55,
      "rotate": 90,
      "attrs": { "value": "10000" }
    },
    {
      "type": "wokwi-resistor",
      "id": "r2",
      "top": -72,
      "left": -86.95,
      "rotate": 90,
      "attrs": { "value": "10000" }
    },
    {
      "type": "wokwi-resistor",
      "id": "r3",
      "top": -72,
      "left": -77.35,
      "rotate": 90,
      "attrs": { "value": "10000" }
    },
    {
      "type": "wokwi-resistor",
      "id": "r4",
      "top": -72,
      "left": -67.75,
      "rotate": 90,
      "attrs": { "value": "10000" }
    },
    {
      "type": "wokwi-led",
      "id": "led1",
      "top": -68,
      "left": -248.2,
      "rotate": 270,
      "attrs": { "color": "green", "flip": "" }
    },
    {
      "type": "wokwi-led",
      "id": "led2",
      "top": -48.8,
      "left": -248.2,
      "rotate": 270,
      "attrs": { "color": "yellow" }
    },
    {
      "type": "wokwi-led",
      "id": "led3",
      "top": -29.6,
      "left": -248.2,
      "rotate": 270,
      "attrs": { "color": "blue" }
    },
    {
      "type": "wokwi-led",
      "id": "led4",
      "top": -10.4,
      "left": -248.2,
      "rotate": 270,
      "attrs": { "color": "red" }
    },
    {
      "type": "wokwi-resistor",
      "id": "r5",
      "top": -92.05,
      "left": -163.2,
      "attrs": { "value": "220" }
    },
    {
      "type": "wokwi-resistor",
      "id": "r6",
      "top": -82.45,
      "left": -163.2,
      "attrs": { "value": "220" }
    },
    {
      "type": "wokwi-resistor",
      "id": "r7",
      "top": -72.85,
      "left": -163.2,
      "attrs": { "value": "220" }
    },
    {
      "type": "wokwi-resistor",
      "id": "r8",
      "top": -63.25,
      "left": -163.2,
      "attrs": { "value": "220" }
    },
    {
      "type": "wokwi-resistor",
      "id": "r9",
      "top": 90.35,
      "left": 124.8,
      "attrs": { "value": "220" }
    },
    {
      "type": "wokwi-resistor",
      "id": "r10",
      "top": 99.95,
      "left": 124.8,
      "attrs": { "value": "220" }
    },
    {
      "type": "wokwi-resistor",
      "id": "r11",
      "top": 109.55,
      "left": 124.8,
      "attrs": { "value": "220" }
    },
    {
      "type": "wokwi-resistor",
      "id": "r12",
      "top": 119.15,
      "left": 124.8,
      "attrs": { "value": "220" }
    },
    {
      "type": "wokwi-led",
      "id": "led5",
      "top": 34.8,
      "left": 176.6,
      "attrs": { "color": "green" }
    },
    {
      "type": "wokwi-led",
      "id": "led6",
      "top": 34.8,
      "left": 195.8,
      "attrs": { "color": "yellow" }
    },
    { "type": "wokwi-led", "id": "led7", "top": 34.8, "left": 215, "attrs": { "color": "blue" } },
    { "type": "wokwi-led", "id": "led8", "top": 34.8, "left": 234.2, "attrs": { "color": "red" } },
    {
      "type": "wokwi-buzzer",
      "id": "bz1",
      "top": 117.6,
      "left": 155.4,
      "attrs": { "volume": "0.1" }
    }
  ],
  "connections": [
    [ "esp:TX", "$serialMonitor:RX", "", [] ],
    [ "esp:RX", "$serialMonitor:TX", "", [] ],
    [ "btn1:1.r", "esp:34", "green", [ "v0", "h38.6", "v38.4" ] ],
    [ "btn2:1.r", "esp:35", "gold", [ "v0" ] ],
    [ "btn3:1.r", "esp:32", "blue", [ "v0", "h19.4", "v-38.4" ] ],
    [ "btn4:1.r", "esp:33", "red", [ "v0", "h29", "v-76.8" ] ],
    [ "r1:2", "btn1:1.r", "green", [ "h0" ] ],
    [ "r2:2", "btn2:1.r", "gold", [ "h0", "v94.8" ] ],
    [ "r3:2", "btn3:1.r", "blue", [ "h0", "v142.8" ] ],
    [ "r4:2", "btn4:1.r", "red", [ "h0", "v190.8" ] ],
    [ "btn1:2.l", "esp:CMD", "green", [ "h-28.8", "v163.4", "h124.8", "v-19.2" ] ],
    [ "btn2:2.l", "esp:CMD", "gold", [ "h-28.8", "v115.4", "h124.8", "v-19.2" ] ],
    [ "btn3:2.l", "esp:CMD", "blue", [ "h-28.8", "v67.4", "h124.8", "v-19.2" ] ],
    [ "btn4:2.l", "esp:CMD", "red", [ "h-28.8", "v19.4", "h124.8", "v-19.2" ] ],
    [ "r4:1", "r3:1", "green", [ "h0" ] ],
    [ "r3:1", "r2:1", "green", [ "h0" ] ],
    [ "r2:1", "r1:1", "green", [ "h0" ] ],
    [ "r1:1", "esp:5V", "black", [ "h-115.2", "v297.6", "h153.6", "v-19.2" ] ],
    [ "led1:C", "r1:2", "green", [ "h0" ] ],
    [ "led2:C", "r2:2", "gold", [ "h0" ] ],
    [ "led3:C", "r3:2", "blue", [ "h0" ] ],
    [ "led4:C", "r4:2", "red", [ "h57.6", "v-10", "h115.2" ] ],
    [ "r5:2", "r1:1", "green", [ "v0" ] ],
    [ "r6:2", "r5:2", "green", [ "v0" ] ],
    [ "r5:1", "led1:A", "green", [ "v0", "h-48" ] ],
    [ "led2:A", "r6:1", "gold", [ "h9.6", "v-48" ] ],
    [ "r7:2", "r6:2", "green", [ "v0" ] ],
    [ "r7:1", "led3:A", "blue", [ "v0", "h-28.8", "v57.6" ] ],
    [ "r8:2", "r7:2", "green", [ "v0" ] ],
    [ "r8:1", "led4:A", "red", [ "v0", "h-9.6", "v67.2" ] ],
    [ "esp:19", "r9:1", "green", [ "h0" ] ],
    [ "esp:18", "r10:1", "green", [ "h0" ] ],
    [ "esp:5", "r11:1", "green", [ "h0" ] ],
    [ "esp:17", "r12:1", "green", [ "h0" ] ],
    [ "led5:C", "r9:2", "green", [ "v0" ] ],
    [ "led6:C", "r10:2", "green", [ "v0" ] ],
    [ "led7:C", "r11:2", "green", [ "v0" ] ],
    [ "led8:C", "r12:2", "green", [ "v0" ] ],
    [ "led8:A", "led7:A", "green", [ "v9.6", "h-19.2" ] ],
    [ "led7:A", "led6:A", "green", [ "v9.6", "h-19.2" ] ],
    [ "led6:A", "led5:A", "green", [ "v9.6", "h-19.2" ] ],
    [
      "led5:A",
      "esp:5V",
      "green",
      [ "v9.6", "h-28.8", "v-124.8", "h-163.2", "v0", "h-28.8", "v240" ]
    ],
    [ "bz1:2", "esp:4", "green", [ "v9.6", "h-67.6", "v-67.2", "h-9.6" ] ],
    [ "bz1:1", "esp:GND.3", "green", [ "v-9.6", "h-48", "v-57.6", "h-19.2", "v-48" ] ]
  ],
  "dependencies": {}
}